code,name,type,nav,daily_change,premium_rate,subscription_status,limit_amount,exchange
160105,南方积极配置混合(LOF),混合型-灵活,1.23,-0.57%,N/A,open,无限额,SZSE
160106,南方高增长混合(LOF),混合型-偏股,1.482,N/A%,N/A,open,无限额,SZSE
160107,南方高增长混合(LOF)(后端),混合型-偏股,N/A,N/A,N/A,open,无限额,SZSE
160119,500ETF联接LOF,指数型-股票,2.233,-0.89%,N/A,open,无限额,SZSE
160120,500ETF联接LOF(后端),指数型-股票,N/A,N/A,N/A,open,无限额,SZSE
160125,南方香港优选股票,QDII-普通股票,1.751,1.04%,N/A,open,无限额,SZSE
160126,南方香港优选股票(后端),QDII-普通股票,N/A,N/A,N/A,open,无限额,SZSE
160127,南方新兴消费增长股票(LOF)A,股票型,0.855,0.23%,N/A,open,无限额,SZSE
160128,南方金利定开债券A,债券型-长债,1.031,N/A%,N/A,open,无限额,SZSE
160129,南方金利定开债券C,债券型-长债,N/A,N/A,N/A,open,无限额,SZSE
160133,南方天元新产业股票(LOF),股票型,4.201,-0.71%,N/A,open,无限额,SZSE
160135,南方中证高铁产业指数(LOF),指数型-股票,1.04,-0.48%,N/A,open,无限额,SZSE
160137,南方中证互联网指数(LOF)A,指数型-股票,N/A,N/A%,N/A,open,无限额,SZSE
160140,南方道琼斯美国精选A,指数型-海外股票,1.374,0.73%,N/A,open,无限额,SZSE
160141,南方道琼斯美国精选C,指数型-海外股票,N/A,N/A,N/A,open,无限额,SZSE
160142,南方优势产业(LOF),混合型-灵活,1.125,0.09%,N/A,open,无限额,SZSE
160143,南方创业板2年定期开放混合,混合型-偏股,1.365,-1.02%,N/A,open,无限额,SZSE
160144,南方新兴消费增长股票(LOF)C,股票型,N/A,N/A,N/A,open,无限额,SZSE
160211,国泰中小盘成长混合(LOF),混合型-偏股,3.202,-0.28%,N/A,open,无限额,SZSE
160212,国泰估值优势混合(LOF)A,混合型-偏股,4.33,-1.88%,N/A,open,无限额,SZSE
160213,国泰纳斯达克100指数,指数型-海外股票,N/A,N/A,N/A,open,无限额,SZSE
160215,国泰价值经典混合(LOF),混合型-灵活,2.839,1.9%,N/A,open,无限额,SZSE
160216,国泰大宗商品(QDII-LOF)A,QDII-商品,0.743,N/A%,N/A,open,无限额,SZSE
160217,国泰信用互利债券A,债券型-混合一级,N/A,N/A,N/A,open,无限额,SZSE
160218,国泰国证房地产行业指数A,指数型-股票,0.632,-1.56%,N/A,open,无限额,SZSE
160219,国泰国证医药卫生行业指数A,指数型-股票,0.566,1.43%,N/A,open,无限额,SZSE
160220,国泰民益混合(LOF)A,混合型-灵活,4.034,-0.35%,N/A,open,无限额,SZSE
160221,国泰国证有色金属行业指数(LOF)A,指数型-股票,2.507,-0.87%,N/A,open,无限额,SZSE
160222,国泰国证食品饮料行业(LOF)A,指数型-股票,0.728,-0.14%,N/A,open,无限额,SZSE
160223,国泰创业板指数(LOF)A,指数型-股票,1.931,-0.87%,N/A,open,无限额,SZSE
160224,国泰中证计算机主题ETF联接A,指数型-股票,N/A,N/A,N/A,open,无限额,SZSE
160225,国泰国证新能源汽车指数A,指数型-股票,2.048,-2.01%,N/A,open,无限额,SZSE
160226,国泰民益混合(LOF)C,混合型-灵活,N/A,N/A,N/A,open,无限额,SZSE
160311,华夏蓝筹混合(LOF)A,混合型-灵活,1.707,-0.87%,N/A,open,无限额,SZSE
160314,华夏行业混合(LOF),混合型-偏股,1.378,N/A%,N/A,open,无限额,SZSE
160322,华夏港股通精选股票发起式(LOF)A,股票型,1.139,0.18%,N/A,open,无限额,SZSE
160323,华夏磐泰混合(LOF)A,混合型-偏债,1.751,-0.28%,N/A,open,无限额,SZSE
160324,华夏磐晟混合(LOF),混合型-灵活,2.062,0.24%,N/A,open,无限额,SZSE
160325,华夏创业板两年定开混合,混合型-偏股,1.482,-0.6%,N/A,open,无限额,SZSE
160326,华夏优选配置股票(FOF-LOF)A,FOF-进取型,0.859,N/A%,N/A,open,无限额,SZSE
160416,华安标普全球石油指数(LOF)A,指数型-海外股票,2.384,-4.53%,N/A,open,无限额,SZSE
160418,华安中证银行ETF联接A,指数型-股票,N/A,N/A%,N/A,open,无限额,SZSE
160419,华安中证全指证券公司ETF联接A,指数型-股票,N/A,N/A%,N/A,open,无限额,SZSE
160420,华安创业板50指数A,指数型-股票,N/A,N/A%,N/A,open,无限额,SZSE
160421,华安智增精选混合,混合型-灵活,2.1,-1.69%,N/A,open,无限额,SZSE
160422,华安创业板50ETF联接A,指数型-股票,N/A,N/A,N/A,open,无限额,SZSE
160424,华安创业板50ETF联接C,指数型-股票,N/A,N/A,N/A,open,无限额,SZSE
160425,华安创业板两年定开混合,混合型-偏股,N/A,N/A%,N/A,open,无限额,SZSE
160505,博时主题行业混合(LOF),混合型-偏股,1.272,-0.16%,N/A,open,无限额,SZSE
160512,博时卓越品牌混合(LOF)A,混合型-偏股,2.645,0.57%,N/A,open,无限额,SZSE
160513,博时稳健回报债券(LOF)A,债券型-混合一级,2.206,0.09%,N/A,open,无限额,SZSE
160514,博时稳健回报债券(LOF)C,债券型-混合一级,N/A,N/A,N/A,open,无限额,SZSE
160515,博时安丰18个月定开债A,债券型-长债,1.035,-0.1%,N/A,open,无限额,SZSE
160516,博时证券公司ETF联接A,指数型-股票,N/A,N/A%,N/A,open,无限额,SZSE
160517,博时中证银行指数(LOF)A,指数型-股票,N/A,N/A%,N/A,open,无限额,SZSE
160518,博时睿远,混合型-灵活,2.638,-0.53%,N/A,open,无限额,SZSE
160523,博时安丰18个月定开债C,债券型-长债,N/A,N/A,N/A,open,无限额,SZSE
160526,博时优势企业灵活配置混合A,混合型-灵活,1.296,1.01%,N/A,open,无限额,SZSE
160527,博时研究优选混合(LOF)A,混合型-灵活,1.039,0.58%,N/A,open,无限额,SZSE
160528,博时研究优选混合(LOF)C,混合型-灵活,N/A,N/A,N/A,open,无限额,SZSE
160529,博时创业板两年定开混合,混合型-偏股,1.328,0.08%,N/A,open,无限额,SZSE
160602,鹏华普天债券A,债券型-混合一级,N/A,N/A,N/A,open,无限额,SZSE
160603,鹏华普天收益混合,混合型-偏股,N/A,N/A%,N/A,open,无限额,SZSE
160605,鹏华中国50混合,混合型-灵活,N/A,N/A%,N/A,open,无限额,SZSE
160606,鹏华货币A,货币型-普通货币,N/A,N/A,N/A,open,无限额,SZSE
160607,鹏华价值优势混合(LOF),混合型-偏股,0.832,-1.19%,N/A,open,无限额,SZSE
160608,鹏华普天债券B,债券型-混合一级,N/A,N/A,N/A,open,无限额,SZSE
160609,鹏华货币B,货币型-普通货币,N/A,N/A,N/A,open,无限额,SZSE
160610,鹏华动力增长混合(LOF),混合型-灵活,1.164,-0.51%,N/A,open,无限额,SZSE
160611,鹏华优质治理混合(LOF)A,混合型-偏股,1.434,0.49%,N/A,open,无限额,SZSE
160612,鹏华丰收债券B,债券型-混合二级,N/A,N/A,N/A,open,无限额,SZSE
160613,鹏华盛世创新混合(LOF)A,混合型-偏股,1.217,0.16%,N/A,open,无限额,SZSE
160615,鹏华沪深300ETF联接(LOF)A,指数型-股票,1.41,0.86%,N/A,open,无限额,SZSE
160616,鹏华中证500指数(LOF)A,指数型-股票,2.32,-0.22%,N/A,open,无限额,SZSE
160617,鹏华丰润债券(LOF),债券型-混合一级,1.114,-0.09%,N/A,open,无限额,SZSE
160618,鹏华丰泽债券(LOF)C,债券型-混合一级,1.625,-0.43%,N/A,open,无限额,SZSE
160620,鹏华中证A股资源产业指数(LOF)A,指数型-股票,3.044,-0.69%,N/A,open,无限额,SZSE
160621,鹏华丰和债券(LOF)A,债券型-混合二级,N/A,N/A%,N/A,open,无限额,SZSE
160622,鹏华丰利债券(LOF)A,债券型-混合一级,1.153,0.35%,N/A,open,无限额,SZSE
160624,鹏华消费领先混合,混合型-灵活,N/A,N/A%,N/A,open,无限额,SZSE
160625,鹏华中证800证券保险指数(LOF)A,指数型-股票,0.841,-1.06%,N/A,open,无限额,SZSE
160626,鹏华中证信息技术指数(LOF)A,指数型-股票,1.372,0.66%,N/A,open,无限额,SZSE
160627,鹏华策略优选灵活配置混合,混合型-灵活,N/A,N/A%,N/A,open,无限额,SZSE
160628,鹏华中证800地产指数(LOF)A,指数型-股票,0.541,-0.55%,N/A,open,无限额,SZSE
160629,鹏华中证传媒指数(LOF)A,指数型-股票,1.252,-1.03%,N/A,open,无限额,SZSE
160630,鹏华中证国防指数(LOF)A,指数型-股票,1.173,-0.42%,N/A,open,无限额,SZSE
160631,鹏华中证银行指数(LOF)A,指数型-股票,1.348,1.35%,N/A,open,无限额,SZSE
160632,鹏华酒A,指数型-股票,0.307,0.66%,N/A,open,无限额,SZSE
160633,鹏华中证全指证券公司指数(LOF)A,指数型-股票,1.055,-0.38%,N/A,open,无限额,SZSE
160634,鹏华中证环保产业指数(LOF)A,指数型-股票,N/A,N/A%,N/A,open,无限额,SZSE
160635,鹏华中证医药指数(LOF)A,指数型-股票,0.912,1.33%,N/A,open,无限额,SZSE
160636,鹏华中证移动互联网指数(LOF)A,指数型-股票,N/A,N/A%,N/A,open,无限额,SZSE
160637,鹏华创业板指数(LOF)A,指数型-股票,1.612,-0.49%,N/A,open,无限额,SZSE
160638,鹏华中证一带一路主题指数(LOF)A,指数型-股票,3.087,0.16%,N/A,open,无限额,SZSE
160639,鹏华中证高铁产业指数(LOF)A,指数型-股票,0.889,-0.22%,N/A,open,无限额,SZSE
160641,鹏华丰锐债券LOF,债券型-混合二级,103.361,-0.21%,N/A,open,无限额,SZSE
160642,鹏华增瑞混合(LOF)A,混合型-灵活,2.082,1.36%,N/A,open,无限额,SZSE
160643,鹏华空天军工指数(LOF)A,指数型-股票,1.403,-1.13%,N/A,open,无限额,SZSE
160644,鹏华港美互联股票人民币,QDII-普通股票,1.696,2.54%,N/A,open,无限额,SZSE
160646,鹏华中证沪港深科技龙头指数(LOF)A,指数型-股票,N/A,N/A%,N/A,open,无限额,SZSE
160706,嘉实沪深300ETF联接A,指数型-股票,1.188,-0.08%,N/A,open,无限额,SZSE
160716,嘉实基本面50指数(LOF)A,指数型-股票,2.093,0.1%,N/A,open,无限额,SZSE
160717,嘉实H股指数(QDII-LOF),指数型-海外股票,0.745,0.4%,N/A,open,无限额,SZSE
160718,嘉实多利收益债券A,债券型-混合二级,N/A,N/A%,N/A,open,无限额,SZSE
160719,嘉实黄金,QDII-商品,2.154,0.61%,N/A,open,无限额,SZSE
160722,嘉实惠泽混合(LOF),混合型-灵活,1.887,-0.53%,N/A,open,无限额,SZSE
160723,嘉实原油(QDII-LOF),QDII-商品,2.433,-3.3%,N/A,open,无限额,SZSE
160724,嘉实沪深300ETF联接C,指数型-股票,N/A,N/A,N/A,open,无限额,SZSE
160725,嘉实基本面50指数(LOF)C,指数型-股票,N/A,N/A,N/A,open,无限额,SZSE
160726,嘉实瑞享定期混合,混合型-灵活,1.058,0.28%,N/A,open,无限额,SZSE
160727,嘉实创业板两年定期混合,混合型-偏股,N/A,N/A%,N/A,open,无限额,SZSE
160805,长盛同智优势混合(LOF),混合型-灵活,0.754,-0.53%,N/A,open,无限额,SZSE
160806,长盛同庆中证800(LOF),指数型-股票,2.037,0.89%,N/A,open,无限额,SZSE
160807,长盛沪深300指数(LOF)A,指数型-股票,1.893,N/A%,N/A,open,无限额,SZSE
160812,长盛同益成长回报(LOF),混合型-灵活,2.383,-1.45%,N/A,open,无限额,SZSE
160813,长盛同盛成长优选(LOF),混合型-灵活,1.738,N/A%,N/A,open,无限额,SZSE
160910,大成创新成长混合(LOF)A,混合型-灵活,0.946,-0.11%,N/A,open,无限额,SZSE
160916,大成优选混合(LOF)A,混合型-偏股,4.408,1.75%,N/A,open,无限额,SZSE
160918,大成中小盘混合(LOF)A,混合型-偏股,2.643,-0.56%,N/A,open,无限额,SZSE
160919,大成产业升级股票(LOF)A,股票型,3.719,0.11%,N/A,open,无限额,SZSE
160921,大成多策略混合(LOF)A,混合型-灵活,1.469,0.41%,N/A,open,无限额,SZSE
160924,大成恒生指数(QDII-LOF)A,指数型-海外股票,1.029,0.49%,N/A,open,无限额,SZSE
160925,大成中华沪深港300指数(LOF)A,指数型-股票,1.337,1.13%,N/A,open,无限额,SZSE
160926,大成创业板两年定开混合A,混合型-偏股,1.074,-0.56%,N/A,open,无限额,SZSE
161005,富国天惠成长混合(LOF)A,混合型-偏股,3.01,0.03%,N/A,open,无限额,SZSE
161006,富国天惠成长混合(LOF)A(后端),混合型-偏股,N/A,N/A,N/A,open,无限额,SZSE
161010,富国天丰强化债券(LOF)A,债券型-混合一级,1.183,0.08%,N/A,open,无限额,SZSE
161014,富国汇利回报两年定期开放债券,债券型-混合一级,1.444,-0.07%,N/A,open,无限额,SZSE
161015,富国天盈债券(LOF)C,债券型-混合一级,N/A,N/A%,N/A,open,无限额,SZSE
161017,富国中证500指数增强(LOF)A,指数型-股票,2.665,-0.04%,N/A,open,无限额,SZSE
161018,富国天丰强化债券(LOF)A(后端),债券型-混合一级,N/A,N/A,N/A,open,无限额,SZSE
161019,富国新天锋债券(LOF)A,债券型-混合一级,1.216,0.16%,N/A,open,无限额,SZSE
161020,富国新天锋债券(LOF)A(后端),债券型-混合一级,N/A,N/A,N/A,open,无限额,SZSE
161021,富国中证500指数增强(LOF)A(后端),指数型-股票,N/A,N/A,N/A,open,无限额,SZSE
161022,富国创业板ETF联接A,指数型-股票,N/A,N/A%,N/A,open,无限额,SZSE
161024,富国中证军工指数(LOF)A,指数型-股票,1.32,-0.3%,N/A,open,无限额,SZSE
161025,富国中证移动互联网指数(LOF)A,指数型-股票,1.28,-0.62%,N/A,open,无限额,SZSE
161026,富国中证国有企业改革指数(LOF)A,指数型-股票,1.167,-0.17%,N/A,open,无限额,SZSE
161027,富国中证全指证券公司指数(LOF)A,指数型-股票,1.018,-0.49%,N/A,open,无限额,SZSE
161028,富国中证新能源汽车指数(LOF)A,指数型-股票,1.224,-1.84%,N/A,open,无限额,SZSE
161029,富国中证银行指数(LOF)A,指数型-股票,1.715,-0.58%,N/A,open,无限额,SZSE
161030,富国中证体育产业指数(LOF)A,指数型-股票,1.149,0.61%,N/A,open,无限额,SZSE
161031,富国中证工业4.0指数(LOF)A,指数型-股票,1.356,-1.53%,N/A,open,无限额,SZSE
161032,富国中证煤炭指数(LOF)A,指数型-股票,2.173,0.23%,N/A,open,无限额,SZSE
161033,富国中证智能汽车(LOF)A,指数型-股票,1.971,-0.55%,N/A,open,无限额,SZSE
161035,富国中证医药主题指数增强A,指数型-股票,1.266,2.51%,N/A,open,无限额,SZSE
161036,富国中证娱乐主题指数增强(LOF)A,指数型-股票,0.761,0.13%,N/A,open,无限额,SZSE
161037,富国中证高端制造指数增强型(LOF)A,指数型-股票,2.62,-0.76%,N/A,open,无限额,SZSE
161038,富国新兴成长量化精选混合(LOF)A,混合型-偏股,1.646,0.98%,N/A,open,无限额,SZSE
161039,富国中证1000指数增强(LOF)A,指数型-股票,2.8,0.04%,N/A,open,无限额,SZSE
161040,富国创业板两年定开混合,混合型-偏股,2.021,-0.64%,N/A,open,无限额,SZSE
161115,易方达岁丰添利债券(LOF)A,债券型-混合一级,1.743,0.06%,N/A,open,无限额,SZSE
161116,易方达黄金主题人民币A,QDII-商品,1.821,0.33%,N/A,open,无限额,SZSE
161117,易方达永旭定开债,债券型-长债,1.036,N/A%,N/A,open,无限额,SZSE
161118,易方达中小企业100(LOF)A,指数型-股票,1.58,-0.69%,N/A,open,无限额,SZSE
161119,易方达中债新综指发起式(LOF)A,指数型-固收,1.774,N/A%,N/A,open,无限额,SZSE
161120,易方达中债新综指发起式(LOF)C,指数型-固收,N/A,N/A,N/A,open,无限额,SZSE
161121,易方达中证银行ETF联接(LOF)A,指数型-股票,1.595,1.08%,N/A,open,无限额,SZSE
161122,易方达中证万得生物科技指数(LOF)A,指数型-股票,0.559,0.72%,N/A,open,无限额,SZSE
161123,易方达中证万得并购重组(LOF),指数型-股票,1.556,-0.32%,N/A,open,无限额,SZSE
161124,易方达香港小型股指数A,指数型-海外股票,1.143,-0.09%,N/A,open,无限额,SZSE
161125,易方达标普500指数人民币A,指数型-海外股票,2.913,0.66%,N/A,open,无限额,SZSE
161126,易方达标普医疗保健人民币A,指数型-海外股票,1.844,0.82%,N/A,open,无限额,SZSE
161127,易方达标普生物科技人民币A,指数型-海外股票,1.834,2.98%,N/A,open,无限额,SZSE
161128,易方达标普信息科技指数(QDII-LOF)A(人民币),指数型-海外股票,5.928,3.47%,N/A,open,无限额,SZSE
161129,易方达原油A类人民币,QDII-商品,2.075,-4.51%,N/A,open,无限额,SZSE
161130,易方达纳斯达克100ETF联接(QDII-LOF)A(人民币),指数型-海外股票,3.981,1.35%,N/A,open,无限额,SZSE
161131,易方达科润混合(LOF),混合型-偏股,0.863,N/A%,N/A,open,无限额,SZSE
161132,易方达科顺定开混合,混合型-灵活,2.685,-1.94%,N/A,open,无限额,SZSE
161133,易方达优势回报混合(FOF-LOF)A,FOF-进取型,1.48,0.34%,N/A,open,无限额,SZSE
161211,国投沪深300金融地产联接,指数型-股票,N/A,N/A,N/A,open,无限额,SZSE
161212,国投沪深300金融地产联接(后端),指数型-股票,N/A,N/A,N/A,open,无限额,SZSE
161216,国投瑞银双债债券(LOF)A,债券型-混合一级,1.393,0.36%,N/A,open,无限额,SZSE
161217,国投瑞银中证资源指数(LOF)A,指数型-股票,2.409,-0.95%,N/A,open,无限额,SZSE
161218,国投瑞银中证资源指数(LOF)A(后端),指数型-股票,N/A,N/A,N/A,open,无限额,SZSE
161219,国投瑞银新兴产业混合(LOF)A,混合型-灵活,2.869,-0.38%,N/A,open,无限额,SZSE
161220,国投瑞银新兴产业混合(LOF)A(后端),混合型-灵活,N/A,N/A,N/A,open,无限额,SZSE
161221,国投瑞银双债债券C,债券型-混合一级,N/A,N/A,N/A,open,无限额,SZSE
161222,国投瑞银瑞利混合(LOF)A,混合型-灵活,2.815,-0.39%,N/A,open,无限额,SZSE
161224,国投瑞银新丝路混合(LOF),混合型-灵活,1.19,N/A%,N/A,open,无限额,SZSE
161225,国投瑞银瑞盈混合(LOF)A,混合型-灵活,2.676,-0.22%,N/A,open,无限额,SZSE
161226,国投瑞银白银期货(LOF)A,商品,2.876,0.74%,N/A,open,无限额,SZSE
161227,国投瑞银深证100指数,指数型-股票,1.628,-0.97%,N/A,open,无限额,SZSE
161228,国投瑞银深证100指数(后端),指数型-股票,N/A,N/A,N/A,open,无限额,SZSE
161229,国投瑞银中国价值发现股票,QDII-普通股票,1.44,N/A%,N/A,open,无限额,SZSE
161232,国投瑞银瑞盛混合(LOF)A,混合型-灵活,1.354,1.8%,N/A,open,无限额,SZSE
161233,国投瑞银瑞泰多策略混合A,混合型-灵活,N/A,N/A%,N/A,open,无限额,SZSE
161505,银河通利债券(LOF)A,债券型-混合一级,1.349,0.52%,N/A,open,无限额,SZSE
161506,银河通利债券(LOF)C,债券型-混合一级,N/A,N/A,N/A,open,无限额,SZSE
161601,融通新蓝筹混合,混合型-偏股,N/A,N/A,N/A,open,无限额,SZSE
161602,融通新蓝筹混合(后端),混合型-偏股,N/A,N/A,N/A,open,无限额,SZSE
161603,融通债券A/B,债券型-长债,N/A,N/A,N/A,open,无限额,SZSE
161604,融通深证100指数A,指数型-股票,N/A,N/A,N/A,open,无限额,SZSE
161605,融通蓝筹成长混合A/B,混合型-灵活,N/A,N/A,N/A,open,无限额,SZSE
161606,融通行业景气混合A,混合型-灵活,N/A,N/A,N/A,open,无限额,SZSE
161607,融通巨潮100指数A(LOF),指数型-股票,1.166,0.17%,N/A,open,无限额,SZSE
161608,融通易支付货币A,货币型-普通货币,N/A,N/A,N/A,open,无限额,SZSE
161609,融通动力先锋混合A/B,混合型-偏股,N/A,N/A,N/A,open,无限额,SZSE
161610,融通领先成长混合(LOF)A,混合型-偏股,1.88,-1.78%,N/A,open,无限额,SZSE
161611,融通内需驱动混合A,混合型-偏股,N/A,N/A,N/A,open,无限额,SZSE
161612,融通深证成份指数A,指数型-股票,N/A,N/A,N/A,open,无限额,SZSE
161613,融通创业板指数A,指数型-股票,N/A,N/A,N/A,open,无限额,SZSE
161614,融通四季添利债券(LOF)A,债券型-混合一级,N/A,N/A%,N/A,open,无限额,SZSE
161615,融通易支付货币B,货币型-普通货币,N/A,N/A,N/A,open,无限额,SZSE
161616,融通医疗保健行业混合A/B,混合型-偏股,N/A,N/A,N/A,open,无限额,SZSE
161617,融通医疗保健行业混合A/B(后端),混合型-偏股,N/A,N/A,N/A,open,无限额,SZSE
161618,融通岁岁添利定开债A,债券型-混合一级,N/A,N/A,N/A,open,无限额,SZSE
161619,融通岁岁添利定开债B,债券型-混合一级,N/A,N/A,N/A,open,无限额,SZSE
161620,融通核心价值混合A,QDII-混合灵活,N/A,N/A,N/A,open,无限额,SZSE
161622,融通汇财宝货币A,货币型-普通货币,N/A,N/A,N/A,open,无限额,SZSE
161623,融通汇财宝货币B,货币型-普通货币,N/A,N/A,N/A,open,无限额,SZSE
161624,融通可转债债券A,债券型-混合二级,N/A,N/A,N/A,open,无限额,SZSE
161625,融通可转债债券C,债券型-混合二级,N/A,N/A,N/A,open,无限额,SZSE
161626,融通通福债券(LOF)A,债券型-混合一级,1.087,0.28%,N/A,open,无限额,SZSE
161627,融通通福债券(LOF)C,债券型-混合一级,N/A,N/A,N/A,open,无限额,SZSE
161628,融通中证云计算与大数据主题指数(LOF)A,指数型-股票,N/A,N/A%,N/A,open,无限额,SZSE
161631,融通人工智能指数(LOF)A,指数型-股票,2.56,-0.16%,N/A,open,无限额,SZSE
161653,融通债券A/B(后端),债券型-长债,N/A,N/A,N/A,open,无限额,SZSE
161654,融通深证100指数A(后端),指数型-股票,N/A,N/A,N/A,open,无限额,SZSE
161655,融通蓝筹成长混合A/B(后端),混合型-灵活,N/A,N/A,N/A,open,无限额,SZSE
161656,融通行业景气混合A(后端),混合型-灵活,N/A,N/A,N/A,open,无限额,SZSE
161657,融通巨潮100指数A(LOF)(后端),指数型-股票,N/A,N/A,N/A,open,无限额,SZSE
161659,融通动力先锋混合A/B(后端),混合型-偏股,N/A,N/A,N/A,open,无限额,SZSE
161660,融通领先成长混合(LOF)A(后端),混合型-偏股,N/A,N/A,N/A,open,无限额,SZSE
161661,融通内需驱动混合A(后端),混合型-偏股,N/A,N/A,N/A,open,无限额,SZSE
161662,融通深证成份指数A(后端),指数型-股票,N/A,N/A,N/A,open,无限额,SZSE
161663,融通创业板指数A(后端),指数型-股票,N/A,N/A,N/A,open,无限额,SZSE
161693,融通债券C,债券型-长债,N/A,N/A,N/A,open,无限额,SZSE
161706,招商优质成长混合(LOF),混合型-偏股,4.138,0.05%,N/A,open,无限额,SZSE
161707,招商优质成长混合(LOF)(后端),混合型-偏股,N/A,N/A,N/A,open,无限额,SZSE
161713,招商信用添利债券(LOF)A,债券型-混合一级,1.044,-0.48%,N/A,open,无限额,SZSE
161715,招商大宗商品(LOF),指数型-股票,2.413,-1.27%,N/A,open,无限额,SZSE
161716,招商双债增强债券(LOF)C,债券型-混合一级,1.624,N/A%,N/A,open,无限额,SZSE
161720,招商中证全指证券公司指数(LOF)A,指数型-股票,1.137,-0.18%,N/A,open,无限额,SZSE
161721,招商沪深300地产等权重指数A,指数型-股票,N/A,N/A%,N/A,open,无限额,SZSE
161722,招商丰泰混合(LOF),混合型-灵活,1.57,N/A%,N/A,open,无限额,SZSE
161723,招商中证银行指数A,指数型-股票,N/A,N/A%,N/A,open,无限额,SZSE
161724,招商中证煤炭等权指数(LOF)A,指数型-股票,2.193,-0.23%,N/A,open,无限额,SZSE
161725,招商中证白酒指数(LOF)A,指数型-股票,0.639,0.47%,N/A,open,无限额,SZSE
161726,招商国证生物医药指数(LOF)A,指数型-股票,0.409,0.99%,N/A,open,无限额,SZSE
161727,招商增荣混合(LOF),混合型-灵活,1.79,0.11%,N/A,open,无限额,SZSE
161728,招商瑞智优选混合(LOF),混合型-灵活,1.594,0.63%,N/A,open,无限额,SZSE
161729,招商瑞利灵活配置混合(LOF)A,混合型-灵活,2.205,0.18%,N/A,open,无限额,SZSE
161730,招商智星稳健配置混合(FOF-LOF)A,FOF-稳健型,N/A,N/A%,N/A,open,无限额,SZSE
161810,银华内需精选混合(LOF),混合型-偏股,5.089,-0.1%,N/A,open,无限额,SZSE
161811,银华沪深300指数A,指数型-股票,N/A,N/A%,N/A,open,无限额,SZSE
161812,银华深证100指数(LOF),指数型-股票,1.382,-0.58%,N/A,open,无限额,SZSE
161815,银华抗通胀主题(QDII-FOF-LOF)A,QDII-商品,1.161,-0.17%,N/A,open,无限额,SZSE
161816,银华中证等权重90指数(LOF),指数型-股票,0.96,N/A%,N/A,open,无限额,SZSE
161818,银华消费主题混合A,混合型-偏股,N/A,N/A%,N/A,open,无限额,SZSE
161820,银华纯债信用债券(LOF)A,债券型-长债,1.174,N/A%,N/A,open,无限额,SZSE
161831,银华恒生国企指数(QDII-LOF)A,指数型-海外股票,0.76,0.66%,N/A,open,无限额,SZSE
161834,银华鑫锐灵活配置混合(LOF)A,混合型-灵活,1.776,0.91%,N/A,open,无限额,SZSE
161837,银华大盘两年定开混合,混合型-偏股,1.115,-2.02%,N/A,open,无限额,SZSE
161838,银华创业板两年定期开放混合,混合型-偏股,N/A,N/A%,N/A,open,无限额,SZSE
161902,万家增强收益债券C,债券型-混合二级,N/A,N/A,N/A,open,无限额,SZSE
161903,万家行业优选混合(LOF),混合型-偏股,1.394,0.43%,N/A,open,无限额,SZSE
161907,红利ETF联接,指数型-股票,N/A,N/A%,N/A,open,无限额,SZSE
161908,万家添利债券(LOF)C,债券型-混合一级,1.244,-1.11%,N/A,open,无限额,SZSE
161910,万家新机遇价值驱动A,混合型-灵活,N/A,N/A,N/A,open,无限额,SZSE
161912,万家社会责任18个月定开A,混合型-偏股,3.617,0.14%,N/A,open,无限额,SZSE
161913,万家社会责任18个月定开C,混合型-偏股,N/A,N/A,N/A,open,无限额,SZSE
161914,万家创业板2年定期开放混合A,混合型-偏股,0.725,-0.55%,N/A,open,无限额,SZSE
161915,万家创业板2年定期开放混合C,混合型-偏股,N/A,N/A,N/A,open,无限额,SZSE
162006,长城久富混合(LOF)A,混合型-偏股,1.869,-0.85%,N/A,open,无限额,SZSE
162102,金鹰中小盘精选混合A,混合型-偏股,N/A,N/A,N/A,open,无限额,SZSE
162105,金鹰持久增利债券(LOF)C,债券型-混合二级,1.485,0.07%,N/A,open,无限额,SZSE
162107,金鹰先进制造股票(LOF)A,股票型,N/A,N/A%,N/A,open,无限额,SZSE
162108,金鹰元盛债券(LOF)C,债券型-混合一级,1.358,-0.37%,N/A,open,无限额,SZSE
162201,宏利成长混合,混合型-灵活,N/A,N/A,N/A,open,无限额,SZSE
162202,宏利周期混合,混合型-偏股,N/A,N/A,N/A,open,无限额,SZSE
162203,宏利稳定混合,混合型-偏股,N/A,N/A,N/A,open,无限额,SZSE
162204,宏利行业精选混合A,混合型-偏股,N/A,N/A,N/A,open,无限额,SZSE
162205,宏利风险预算混合,混合型-偏债,N/A,N/A,N/A,open,无限额,SZSE
162206,宏利货币A,货币型-普通货币,N/A,N/A,N/A,open,无限额,SZSE
162207,宏利效率优选混合(LOF),混合型-偏股,1.412,-0.42%,N/A,open,无限额,SZSE
162208,宏利首选企业股票A,股票型,N/A,N/A,N/A,open,无限额,SZSE
162209,宏利市值优选混合A,混合型-偏股,N/A,N/A,N/A,open,无限额,SZSE
162210,宏利集利债券A,债券型-混合二级,N/A,N/A,N/A,open,无限额,SZSE
162212,宏利红利先锋混合A,混合型-偏股,N/A,N/A,N/A,open,无限额,SZSE
162213,宏利沪深300指数A,指数型-股票,N/A,N/A,N/A,open,无限额,SZSE
162214,宏利领先中小盘混合,混合型-偏股,N/A,N/A,N/A,open,无限额,SZSE
162215,宏利聚利债券(LOF),债券型-混合一级,1.079,0.19%,N/A,open,无限额,SZSE
162216,宏利500指数增强(LOF),指数型-股票,1.646,1.11%,N/A,open,无限额,SZSE
162299,宏利集利债券C,债券型-混合二级,N/A,N/A,N/A,open,无限额,SZSE
162307,海富通中证A100指数(LOF)A,指数型-股票,1.552,-1.52%,N/A,open,无限额,SZSE
162411,华宝标普油气上游股票人民币A,指数型-海外股票,0.867,-3.45%,N/A,open,无限额,SZSE
162412,华宝医疗ETF联接A,指数型-股票,0.584,-0.34%,N/A,open,无限额,SZSE
162414,华宝新机遇混合(LOF)A,混合型-灵活,1.865,-0.53%,N/A,open,无限额,SZSE
162415,华宝标普美国消费人民币A,指数型-海外股票,2.872,1.95%,N/A,open,无限额,SZSE
162509,国联安中证A100指数(LOF),指数型-股票,1.012,0.6%,N/A,open,无限额,SZSE
162511,国联安双佳信用债券(LOF),债券型-混合一级,N/A,N/A%,N/A,open,无限额,SZSE
162605,景顺长城鼎益混合(LOF)A,混合型-偏股,1.65,0.3%,N/A,open,无限额,SZSE
162606,景顺长城鼎益混合(LOF)A(后端),混合型-偏股,N/A,N/A,N/A,open,无限额,SZSE
162607,景顺长城资源垄断混合(LOF)A,混合型-偏股,0.554,N/A%,N/A,open,无限额,SZSE
162703,广发小盘成长混合(LOF)A,混合型-偏股,1.987,-0.35%,N/A,open,无限额,SZSE
162711,广发中证500ETF联接A,指数型-股票,1.875,-0.32%,N/A,open,无限额,SZSE
162712,广发聚利债券(LOF)A,债券型-混合一级,1.414,-0.14%,N/A,open,无限额,SZSE
162713,广发中证500ETF联接A(后端),指数型-股票,N/A,N/A,N/A,open,无限额,SZSE
162714,广发深证100ETF联接A,指数型-股票,N/A,N/A%,N/A,open,无限额,SZSE
162715,广发聚源债券(LOF)A,债券型-长债,1.178,0.08%,N/A,open,无限额,SZSE
162716,广发聚源债券(LOF)C,债券型-长债,N/A,N/A,N/A,open,无限额,SZSE
162717,广发成长新动能混合A,混合型-偏股,N/A,N/A,N/A,open,无限额,SZSE
162719,广发道琼斯石油指数人民币A,指数型-海外股票,2.797,-4.64%,N/A,open,无限额,SZSE
162720,广发创业板两年定开混合,混合型-偏股,1.257,0.4%,N/A,open,无限额,SZSE
162721,广发积极优势混合(FOF-LOF)A,FOF-进取型,1.282,0.55%,N/A,open,无限额,SZSE
163001,长信医疗保健混合(LOF)A,混合型-灵活,N/A,N/A,N/A,open,无限额,SSE
163003,长信利鑫债券(LOF)C,债券型-混合一级,N/A,N/A,N/A,open,无限额,SSE
163005,长信利众债券(LOF)C,债券型-混合一级,N/A,N/A,N/A,open,无限额,SSE
163007,长信利众债券(LOF)A,债券型-混合一级,N/A,N/A,N/A,open,无限额,SSE
163008,长信利鑫债券(LOF)A,债券型-混合一级,N/A,N/A,N/A,open,无限额,SSE
163109,申万菱信深证成份指数(LOF)A,指数型-股票,N/A,N/A,N/A,open,无限额,SSE
163110,申万菱信量化小盘股票(LOF)A,股票型,N/A,N/A,N/A,open,无限额,SSE
163111,申万菱信中小企业100指数(LOF)A,指数型-股票,N/A,N/A,N/A,open,无限额,SSE
163113,申万菱信中证申万证券行业指数(LOF)A,指数型-股票,N/A,N/A,N/A,open,无限额,SSE
163114,申万菱信中证环保产业指数(LOF)A,指数型-股票,N/A,N/A,N/A,open,无限额,SSE
163115,申万菱信中证军工指数(LOF)A,指数型-股票,100.129,N/A%,N/A,open,无限额,SSE
163116,申万中证申万电子行业投资指数(LOF)A,指数型-股票,N/A,N/A,N/A,open,无限额,SSE
163118,申万菱信中证申万医药生物指数(LOF)A,指数型-股票,N/A,N/A,N/A,open,无限额,SSE
163208,诺安油气能源,QDII-普通股票,110.0,N/A%,N/A,open,无限额,SSE
163209,诺安创业板指数增强(LOF)A,指数型-股票,N/A,N/A,N/A,open,无限额,SSE
163302,大摩资源优选混合(LOF),混合型-灵活,N/A,N/A,N/A,open,无限额,SSE
163402,兴全趋势投资混合(LOF),混合型-灵活,109.2,N/A%,N/A,open,无限额,SSE
163403,兴全趋势投资混合(LOF)(后端),混合型-灵活,N/A,N/A,N/A,open,无限额,SSE
163406,兴全合润混合A,混合型-偏股,N/A,N/A,N/A,open,无限额,SSE
163407,兴全沪深300指数(LOF)A,指数型-股票,N/A,N/A,N/A,open,无限额,SSE
163408,兴全沪深300指数(LOF)A(后端),指数型-股票,N/A,N/A,N/A,open,无限额,SSE
163409,兴全绿色投资混合(LOF),混合型-偏股,N/A,N/A,N/A,open,无限额,SSE
163410,兴全绿色投资混合(LOF)(后端),混合型-偏股,N/A,N/A,N/A,open,无限额,SSE
163411,兴全精选混合,混合型-偏股,N/A,N/A,N/A,open,无限额,SSE
163412,兴全轻资产混合(LOF),混合型-偏股,N/A,N/A,N/A,open,无限额,SSE
163413,兴全轻资产混合(LOF)(后端),混合型-偏股,N/A,N/A,N/A,open,无限额,SSE
163415,兴全商业模式混合(LOF)A,混合型-偏股,N/A,N/A,N/A,open,无限额,SSE
163416,兴全商业模式混合(LOF)A(后端),混合型-偏股,N/A,N/A,N/A,open,无限额,SSE
163417,兴全合宜混合(LOF)A,混合型-灵活,N/A,N/A,N/A,open,无限额,SSE
163418,兴全合兴混合A,混合型-偏股,N/A,N/A,N/A,open,无限额,SSE
163503,天治核心成长混合(LOF),混合型-偏股,N/A,N/A,N/A,open,无限额,SSE
163801,中银中国混合(LOF)A,混合型-灵活,N/A,N/A,N/A,open,无限额,SSE
163802,中银货币A,货币型-普通货币,N/A,N/A,N/A,open,无限额,SSE
163803,中银持续增长混合A,混合型-偏股,N/A,N/A,N/A,open,无限额,SSE
163804,中银收益混合A,混合型-灵活,N/A,N/A,N/A,open,无限额,SSE
163805,中银动态策略混合A,混合型-偏股,N/A,N/A,N/A,open,无限额,SSE
163806,中银增利债券A,债券型-混合一级,N/A,N/A,N/A,open,无限额,SSE
163807,中银优选灵活配置混合A,混合型-灵活,N/A,N/A,N/A,open,无限额,SSE
163808,中银中证A100指数增强,指数型-股票,N/A,N/A,N/A,open,无限额,SSE
163809,中银蓝筹混合,混合型-灵活,N/A,N/A,N/A,open,无限额,SSE
163810,中银价值混合A,混合型-灵活,N/A,N/A,N/A,open,无限额,SSE
163811,中银双利债券A,债券型-混合二级,N/A,N/A,N/A,open,无限额,SSE
163812,中银双利债券B,债券型-混合二级,N/A,N/A,N/A,open,无限额,SSE
163813,中银全球策略(QDII-FOF)A,QDII-FOF,N/A,N/A,N/A,open,无限额,SSE
163816,中银转债增强债券A,债券型-混合二级,N/A,N/A,N/A,open,无限额,SSE
163817,中银转债增强债券B,债券型-混合二级,N/A,N/A,N/A,open,无限额,SSE
163818,中银中小盘成长混合,混合型-偏股,N/A,N/A,N/A,open,无限额,SSE
163819,中银信用增利债券(LOF)A,债券型-混合一级,N/A,N/A,N/A,open,无限额,SSE
163820,中银货币B,货币型-普通货币,N/A,N/A,N/A,open,无限额,SSE
163821,中银沪深300等权重指数,指数型-股票,N/A,N/A,N/A,open,无限额,SSE
163822,中银主题策略混合A,混合型-偏股,N/A,N/A,N/A,open,无限额,SSE
163823,中银稳健策略混合,混合型-灵活,N/A,N/A,N/A,open,无限额,SSE
163825,中银互利半年定开债,债券型-混合一级,N/A,N/A,N/A,open,无限额,SSE
163827,中银产业债债券A,债券型-混合二级,N/A,N/A,N/A,open,无限额,SSE
163907,中海惠裕纯债发起式,债券型-长债,N/A,N/A,N/A,open,无限额,SSE
164105,华富强化回报债券(LOF),债券型-混合一级,N/A,N/A,N/A,open,无限额,SSE
164205,天弘文化新兴产业股票A,股票型,N/A,N/A,N/A,open,无限额,SSE
164206,天弘添利债券(LOF)C,债券型-混合一级,N/A,N/A,N/A,open,无限额,SSE
164208,天弘丰利债券(LOF)E,债券型-混合一级,N/A,N/A,N/A,open,无限额,SSE
164210,天弘同利债券(LOF)C,债券型-混合一级,N/A,N/A,N/A,open,无限额,SSE
164212,天弘全球新能源汽车股票(QDII-LOF)A,QDII-普通股票,N/A,N/A,N/A,open,无限额,SSE
164304,新华中证环保产业指数,指数型-股票,N/A,N/A,N/A,open,无限额,SSE
164401,前海开源中证健康产业指数,指数型-股票,N/A,N/A,N/A,open,无限额,SSE
164402,前海开源中航军工指数A,指数型-股票,N/A,N/A,N/A,open,无限额,SSE
164403,前海开源沪港深农业混合A,混合型-灵活,N/A,N/A,N/A,open,无限额,SSE
164508,国富中证A100指数增强(LOF),指数型-股票,N/A,N/A,N/A,open,无限额,SSE
164509,国富恒利债券(LOF)A,债券型-混合一级,N/A,N/A,N/A,open,无限额,SSE
164510,国富恒利债券(LOF)C,债券型-混合一级,N/A,N/A,N/A,open,无限额,SSE
164606,华泰柏瑞信用增利债(LOF)A,债券型-混合一级,N/A,N/A,N/A,open,无限额,SSE
164701,汇添富黄金及贵金属(QDII-LOF-FOF)A,QDII-商品,N/A,N/A,N/A,open,无限额,SSE
164703,汇添富纯债(LOF)A,债券型-混合一级,N/A,N/A,N/A,open,无限额,SSE
164705,汇添富恒生指数(QDII-LOF)A,指数型-海外股票,N/A,N/A,N/A,open,无限额,SSE
164808,工银四季收益债券A,债券型-混合一级,N/A,N/A,N/A,open,无限额,SSE
164809,工银中证500ETF联接A,指数型-股票,N/A,N/A,N/A,open,无限额,SSE
164810,工银纯债定开债,债券型-长债,N/A,N/A,N/A,open,无限额,SSE
164814,工银双债增强债券,债券型-混合二级,N/A,N/A,N/A,open,无限额,SSE
164818,工银传媒指数A,指数型-股票,N/A,N/A,N/A,open,无限额,SSE
164824,工银印度基金人民币,QDII-混合偏股,N/A,N/A,N/A,open,无限额,SSE
164826,工银创业板两年定开混合A,混合型-偏股,N/A,N/A,N/A,open,无限额,SSE
164902,交银信用添利债券(LOF),债券型-混合一级,N/A,N/A,N/A,open,无限额,SSE
164903,交银信用添利债券(LOF)(后端),债券型-混合一级,N/A,N/A,N/A,open,无限额,SSE
164905,交银国证新能源指数(LOF)A,指数型-股票,N/A,N/A,N/A,open,无限额,SSE
164906,交银中证海外中国互联网指数(LOF)A,指数型-海外股票,N/A,N/A,N/A,open,无限额,SSE
164908,交银中证环境治理(LOF)A,指数型-股票,N/A,N/A,N/A,open,无限额,SSE
165309,建信沪深300指数(LOF),指数型-股票,N/A,N/A,N/A,open,无限额,SSE
165310,建信沪深300指数增强(LOF)A,指数型-股票,N/A,N/A,N/A,open,无限额,SSE
165311,建信信用增强债券(LOF)A,债券型-混合一级,N/A,N/A,N/A,open,无限额,SSE
165312,建信央视财经50指数(LOF),指数型-股票,N/A,N/A,N/A,open,无限额,SSE
165313,建信优势动力混合(LOF),混合型-偏股,N/A,N/A,N/A,open,无限额,SSE
165314,建信信用增强债券(LOF)C,债券型-混合一级,N/A,N/A,N/A,open,无限额,SSE
165508,中信保诚深度价值混合(LOF),混合型-偏股,N/A,N/A,N/A,open,无限额,SSE
165509,中信保诚增强收益债券(LOF)A,债券型-混合二级,N/A,N/A,N/A,open,无限额,SSE
165511,中信保诚中证500指数(LOF)A,指数型-股票,N/A,N/A,N/A,open,无限额,SSE
165512,中信保诚新机遇混合(LOF),混合型-偏股,N/A,N/A,N/A,open,无限额,SSE
165513,中信保诚全球商品主题(QDII-FOF-LOF)A,QDII-商品,N/A,N/A,N/A,open,无限额,SSE
165515,中信保诚沪深300指数(LOF)A,指数型-股票,N/A,N/A,N/A,open,无限额,SSE
165516,中信保诚周期轮动混合(LOF)A,混合型-偏股,N/A,N/A,N/A,open,无限额,SSE
165517,中信保诚双盈债券(LOF)A,债券型-混合一级,N/A,N/A,N/A,open,无限额,SSE
165519,中信保诚中证800医药指数(LOF)A,指数型-股票,N/A,N/A,N/A,open,无限额,SSE
165520,中信保诚中证800有色指数(LOF)A,指数型-股票,N/A,N/A,N/A,open,无限额,SSE
165521,中信保诚中证800金融指数(LOF)A,指数型-股票,N/A,N/A,N/A,open,无限额,SSE
165522,中信保诚中证TMT(LOF)A,指数型-股票,N/A,N/A,N/A,open,无限额,SSE
165523,中信保诚中证信息安全指数(LOF)A,指数型-股票,N/A,N/A,N/A,open,无限额,SSE
165524,中信保诚中证智能家居指数(LOF)A,指数型-股票,N/A,N/A,N/A,open,无限额,SSE
165525,中信保诚中证基建工程指数(LOF)A,指数型-股票,N/A,N/A,N/A,open,无限额,SSE
165526,中信保诚新旺混合(LOF)A,混合型-灵活,N/A,N/A,N/A,open,无限额,SSE
165527,中信保诚新旺混合(LOF)C,混合型-灵活,N/A,N/A,N/A,open,无限额,SSE
165528,中信保诚鼎利混合(LOF)A,混合型-灵活,N/A,N/A,N/A,open,无限额,SSE
165530,中信保诚惠泽A,债券型-混合二级,N/A,N/A,N/A,open,无限额,SSE
165531,中信保诚多策略混合(LOF)A,混合型-灵活,N/A,N/A,N/A,open,无限额,SSE
166001,中欧新趋势混合A,混合型-偏股,N/A,N/A,N/A,open,无限额,SSE
166002,中欧新蓝筹混合A,混合型-偏股,N/A,N/A,N/A,open,无限额,SSE
166005,中欧价值发现混合A,混合型-偏股,N/A,N/A,N/A,open,无限额,SSE
166006,中欧行业成长混合(LOF)A,混合型-偏股,N/A,N/A,N/A,open,无限额,SSE
166007,中欧互通精选混合A,混合型-偏股,N/A,N/A,N/A,open,无限额,SSE
166008,中欧增强回报债券(LOF)A,债券型-混合一级,N/A,N/A,N/A,open,无限额,SSE
166009,中欧新动力混合(LOF)A,混合型-偏股,N/A,N/A,N/A,open,无限额,SSE
166010,中欧鼎利债券A,债券型-混合二级,N/A,N/A,N/A,open,无限额,SSE
166011,中欧盛世成长混合(LOF)A,混合型-偏股,N/A,N/A,N/A,open,无限额,SSE
166014,中欧货币A,货币型-普通货币,N/A,N/A,N/A,open,无限额,SSE
166015,中欧货币B,货币型-普通货币,N/A,N/A,N/A,open,无限额,SSE
166016,中欧纯债债券(LOF)C,债券型-长债,N/A,N/A,N/A,open,无限额,SSE
166019,中欧价值智选混合A,混合型-灵活,N/A,N/A,N/A,open,无限额,SSE
166020,中欧成长优选混合A,混合型-灵活,N/A,N/A,N/A,open,无限额,SSE
166023,中欧瑞丰灵活配置混合(LOF)A,混合型-灵活,N/A,N/A,N/A,open,无限额,SSE
166024,中欧恒利三年定期开放混合,混合型-偏股,N/A,N/A,N/A,open,无限额,SSE
166025,中欧远见两年定开混合A,混合型-偏股,N/A,N/A,N/A,open,无限额,SSE
166027,中欧创业板两年定开混合A,混合型-偏股,N/A,N/A,N/A,open,无限额,SSE
166105,信澳鑫安债券(LOF)A,债券型-混合二级,N/A,N/A,N/A,open,无限额,SSE
166107,信澳量化多因子混合(LOF)A,混合型-偏股,N/A,N/A,N/A,open,无限额,SSE
166108,信澳量化多因子混合(LOF)C,混合型-偏股,N/A,N/A,N/A,open,无限额,SSE
166109,信澳量化先锋(LOF)A,混合型-偏股,N/A,N/A,N/A,open,无限额,SSE
166110,信澳量化先锋(LOF)C,混合型-偏股,N/A,N/A,N/A,open,无限额,SSE
166301,华商新趋势优选灵活配置混合,混合型-灵活,N/A,N/A,N/A,open,无限额,SSE
166401,浦银安盛稳健增利债券C,债券型-混合一级,N/A,N/A,N/A,open,无限额,SSE
166801,浙商聚潮新思维混合A,混合型-灵活,N/A,N/A,N/A,open,无限额,SSE
166802,浙商沪深300指数增强(LOF)A,指数型-股票,N/A,N/A,N/A,open,无限额,SSE
167001,平安鼎泰混合(LOF),混合型-灵活,N/A,N/A,N/A,open,无限额,SSE
167002,平安鼎越混合(LOF),混合型-灵活,N/A,N/A,N/A,open,无限额,SSE
167003,平安鼎弘混合(LOF)A,混合型-偏债,N/A,N/A,N/A,open,无限额,SSE
167301,方正富邦中证保险A,指数型-股票,N/A,N/A,N/A,open,无限额,SSE
167302,方正富邦大湾区综指(LOF),指数型-股票,N/A,N/A,N/A,open,无限额,SSE
167501,安信宝利债券(LOF)D,债券型-混合一级,N/A,N/A,N/A,open,无限额,SSE
167503,安信一带一路指数A,指数型-股票,N/A,N/A,N/A,open,无限额,SSE
167504,安信中短利率债(LOF)A,债券型-中短债,N/A,N/A,N/A,open,无限额,SSE
167505,安信中短利率债(LOF)C,债券型-中短债,N/A,N/A,N/A,open,无限额,SSE
167506,安信深圳科技指数(LOF)A,指数型-股票,N/A,N/A,N/A,open,无限额,SSE
167507,安信深圳科技指数(LOF)C,指数型-股票,N/A,N/A,N/A,open,无限额,SSE
167508,安信价值发现两年定开混合(LOF),混合型-偏股,N/A,N/A,N/A,open,无限额,SSE
167601,国金300指数增强A,指数型-股票,N/A,N/A,N/A,open,无限额,SSE
167702,德邦量化优选股票(LOF)A,股票型,N/A,N/A,N/A,open,无限额,SSE
167703,德邦量化优选股票(LOF)C,股票型,N/A,N/A,N/A,open,无限额,SSE
168002,国寿安保策略精选混合A,混合型-偏股,N/A,N/A,N/A,open,无限额,SSE
168101,九泰锐智事件驱动混合(LOF),混合型-灵活,N/A,N/A,N/A,open,无限额,SSE
168102,九泰锐富事件驱动混合发起式(LOF)A,混合型-灵活,N/A,N/A,N/A,open,无限额,SSE
168103,九泰锐益混合(LOF)A,混合型-灵活,N/A,N/A,N/A,open,无限额,SSE
168104,九泰锐丰灵活配置混合(LOF)A,混合型-灵活,N/A,N/A,N/A,open,无限额,SSE
168105,九泰泰富灵活配置混合(LOF)A,混合型-灵活,N/A,N/A,N/A,open,无限额,SSE
168111,九泰锐丰灵活配置混合(LOF)C,混合型-灵活,N/A,N/A,N/A,open,无限额,SSE
168203,国联国证钢铁行业指数(LOF)A,指数型-股票,N/A,N/A,N/A,open,无限额,SSE
168204,国联中证煤炭指数(LOF)A,指数型-股票,N/A,N/A,N/A,open,无限额,SSE
168301,东海祥龙(LOF)A,混合型-灵活,N/A,N/A,N/A,open,无限额,SSE
168401,红土精选混合(LOF)A,混合型-灵活,N/A,N/A,N/A,open,无限额,SSE
168501,华银产业升级,混合型-偏股,N/A,N/A,N/A,open,无限额,SSE
168601,汇安裕阳三年持有期混合,混合型-偏股,N/A,N/A,N/A,open,无限额,SSE
168701,合煦智远金融科技指数(LOF)A,指数型-股票,N/A,N/A,N/A,open,无限额,SSE
168702,合煦智远金融科技指数(LOF)C,指数型-股票,N/A,N/A,N/A,open,无限额,SSE
169101,东方红睿丰混合,混合型-灵活,N/A,N/A,N/A,open,无限额,SSE
169102,东方红睿阳三年持有混合,混合型-偏股,N/A,N/A,N/A,open,无限额,SSE
169103,东方红睿轩三年持有混合,混合型-偏股,N/A,N/A,N/A,open,无限额,SSE
169104,东方红睿满沪港深混合(LOF)A,混合型-灵活,N/A,N/A,N/A,open,无限额,SSE
169105,东方红睿华沪港深混合(LOF)A,混合型-灵活,N/A,N/A,N/A,open,无限额,SSE
169106,东方红创新优选定开混合,混合型-偏债,N/A,N/A,N/A,open,无限额,SSE
169107,东方红恒阳五年持有混合,混合型-偏股,N/A,N/A,N/A,open,无限额,SSE
169108,东方红均衡优选定开混合,混合型-偏债,N/A,N/A,N/A,open,无限额,SSE
169109,东方红睿和三年持有混合A,混合型-偏股,N/A,N/A,N/A,open,无限额,SSE
169201,浙商鼎盈事件驱动混合,混合型-灵活,N/A,N/A,N/A,open,无限额,SSE
